meanFix,minFix,maxFix,varFix,stdFix,meanDis,minDis,maxDis,varDis,stdDisp,freqDisPerSec,number_of_blinks,blinkMean,blinkMin,blinkMax,blinkRate,xDir,yDir,fixDensPerBB,label,duration,participant_id
878.3333333333334,167,1534,469496.3333333334,685.198024904723,0.07066482333302494,0.028072328604988855,0.15268056328847618,0.005047447235929446,0.07104538856202734,0.6,65,999.4923076923077,967,1000,13.0,0.0,0.0,36.06121828866466,unknown,5,00
595.2857142857143,134,1433,225237.2380952381,474.5916540513941,0.10586579506457809,0.028266326980350708,0.24006725282921956,0.004867349911854157,0.06976639529067098,1.4,10,456.9,34,1700,2.0,0.3333333333333333,0.3333333333333333,38.83286495193469,unknown,5,00
383.25,100,933,148292.91666666666,385.08819336181506,0.14840957286704434,0.027944184779060306,0.3657736280556183,0.022684361058978055,0.1506132831425504,0.8,97,1000.0,1000,1000,19.4,0.3333333333333333,0.3333333333333333,27.528147925250188,unknown,5,00
594.3333333333334,100,2200,717197.0666666667,846.8748825338172,0.027618309910894995,0.013787872065131025,0.03664637331300078,5.61899006644501e-05,0.007495992306856384,1.2,37,593.4324324324324,0,1000,7.4,0.4,0.2,1104.928402388996,unknown,5,00
403.6666666666667,200,833,44585.0,211.15160430363773,0.11716877685180092,0.017509233207910226,0.33115007811410296,0.009301101902954577,0.09644222054139243,1.8,26,588.6538461538462,33,2166,5.2,0.375,0.5,28.885401320451386,unknown,5,00
500.0,233,900,34158.5,184.82018288055013,0.04900863462250798,0.028650302289426662,0.11363825864136404,0.0012037007702350474,0.034694391048626975,1.8,2,1617.0,0,3234,0.4,0.5,0.5,207.30692603041953,unknown,5,00
341.6666666666667,133,1000,86397.1515151515,293.93392372292027,0.052452904617853485,0.005429334816511666,0.19703505610580016,0.0024994633156340874,0.04999463286827985,2.4,13,779.3846153846154,33,2934,2.6,0.45454545454545453,0.36363636363636365,370.535034309815,unknown,5,00
319.07142857142856,100,600,19740.071428571424,140.4993645130519,0.04161167739694262,0.010668698326772768,0.12193360753692478,0.0006907621362229092,0.02628235408449763,2.8,2,1183.5,533,1834,0.4,0.6153846153846154,0.6153846153846154,600.0198220834081,unknown,5,00
258.625,100,567,31640.553571428572,177.87791760482403,0.04589790455582632,0.02995950869722116,0.08471327910015022,0.00043150098668089657,0.02077260182742876,1.6,69,955.9710144927536,566,1000,13.8,0.42857142857142855,0.2857142857142857,35.76057004537199,unknown,5,00
642.5714285714286,166,1333,254589.61904761905,504.56874561115956,0.03354164295527599,0.017953546231396687,0.06344732232083737,0.00019938626994564314,0.014120420317598309,1.4,4,1033.0,33,2000,0.8,0.3333333333333333,0.5,47.774875482908776,unknown,5,00
545.875,167,1233,151309.26785714287,388.9849198325597,0.06228784451619427,0.02171032151793097,0.14686082881483611,0.0025776382446871006,0.05077044656773368,1.6,7,1009.1428571428571,366,2266,1.4,0.42857142857142855,0.2857142857142857,65.59817710012835,unknown,5,00
450.1,100,900,54633.43333333333,233.73795869163683,0.039559993720026124,0.02877069163555226,0.07376030317185857,0.00024837131428455834,0.015759800578832157,2.0,7,904.5714285714286,33,2100,1.4,0.3333333333333333,0.4444444444444444,212.73619203250163,unknown,5,00
459.3333333333333,167,1267,117542.50000000003,342.84471703673665,0.09647575371007597,0.013171566027169741,0.40051811344641103,0.01893307701178139,0.13759751818903346,1.8,12,724.6666666666666,0,2466,2.4,0.625,0.625,48.2878837613032,unknown,5,00
619.4285714285714,100,1534,271233.9523809524,520.8012599648281,0.05439175703549061,0.016619557417425664,0.1792427174874172,0.0032778795604782494,0.057252769020181456,1.4,8,258.375,33,1100,1.6,0.6666666666666666,0.3333333333333333,206.75803402646505,unknown,5,00
722.3333333333334,167,2533,852863.8666666665,923.5062894570164,0.07068338202905172,0.028047317982624886,0.14686082881483611,0.003179493553650787,0.05638699809043559,1.2,9,940.4444444444445,0,2667,1.8,0.2,0.2,46.523466361995446,unknown,5,00
466.8,100,867,53363.066666666666,231.00447326116148,0.037917970946051704,0.018995326264651884,0.07376030317185857,0.00022162533441558375,0.014887086162697646,2.0,4,1266.75,567,1900,0.8,0.4444444444444444,0.4444444444444444,931.5295852725027,unknown,5,00
360.6363636363636,167,634,23111.254545454547,152.02386176339078,0.08777765312718927,0.005455292859614649,0.40051811344641103,0.015840837477887122,0.12586038883575373,2.2,15,695.3333333333334,33,1267,3.0,0.5,0.6,43.8297755132654,unknown,5,00
546.25,100,1067,145784.2142857143,381.8169905670965,0.061518409290920374,0.017744939407968303,0.1792427174874172,0.002789259417970201,0.05281343974756995,1.6,8,429.25,33,2467,1.6,0.7142857142857143,0.42857142857142855,249.54066970945127,unknown,5,00
1208.0,366,1933,520744.6666666667,721.6264038037042,0.029769096535034373,0.024981183564385362,0.03663951199532024,2.4387854635613207e-05,0.004938406082493947,0.8,0,0,0,0,0,0.3333333333333333,0.6666666666666666,637.20720746984,unknown,5,00
503.8888888888889,167,867,52677.61111111111,229.5160367188121,0.04878147439384726,0.011678005228396222,0.13928157673665487,0.001434944386482909,0.037880659794714625,1.8,4,1441.75,900,1967,0.8,0.5,0.375,93.47747023305777,unknown,5,00
375.72727272727275,100,900,47372.01818181818,217.65113871013443,0.06488473618064489,0.013165290990608435,0.40051811344641103,0.01251415138556326,0.11186666789335982,2.2,14,723.6428571428571,33,2534,2.8,0.4,0.5,33.19407557595019,unknown,5,00
512.875,100,1267,157826.69642857142,397.27408225124805,0.0610173936828506,0.020284814466051796,0.1792427174874172,0.002782032328999847,0.052744974443067534,1.6,10,496.8,33,3734,2.0,0.7142857142857143,0.2857142857142857,47.814368860467695,unknown,5,00
1633.0,1266,1900,107989.0,328.6167981098958,0.02843453602585144,0.024448302091013643,0.030830598522587134,1.2079910837035709e-05,0.0034756166124927687,0.6,0,0,0,0,0,0.5,0.5,477.90540560238,unknown,5,00
1216.75,134,2733,1651033.5833333333,1284.925516648079,0.027369464313103907,0.013871926854818832,0.03555580873262042,8.925777819882861e-05,0.009447633470813134,0.8,1,1333.0,1333,1333,0.2,0.3333333333333333,0.6666666666666666,2367.970826599417,unknown,5,00
391.0,100,900,58046.6,240.92862013467806,0.03764374202678906,0.007069546943907503,0.07376030317185857,0.00036324670810282243,0.019059032192187055,2.2,12,697.0833333333334,33,2667,2.4,0.3,0.5,33.19407557595019,unknown,5,00
481.6666666666667,100,1267,126219.25,355.2734862046421,0.06215401045248636,0.0156548833735498,0.26110468703790285,0.005970611566012999,0.07726973253488716,1.8,6,311.3333333333333,0,1600,1.2,0.625,0.5,52.09390812536035,unknown,5,00
744.6666666666666,134,1733,514423.8666666667,717.2334812783538,0.07684170659388248,0.014575941994810729,0.2921176199045437,0.011431591710668538,0.10691862190782547,1.2,8,353.875,233,500,1.6,0.6,0.4,289.75414843428933,unknown,5,00
960.0,134,1800,543872.5,737.4771182891033,0.026909623395575587,0.010896550537635098,0.034853716059091364,8.674983054386957e-05,0.009313958908212424,1.0,1,2800.0,2800,2800,0.2,0.25,0.5,1908.8396225017682,unknown,5,00
866.6,100,3600,2342872.3000000007,1530.644406777747,0.10051517156856209,0.01894967070806296,0.20230548967866108,0.005021021191862388,0.07085916448747041,1.0,32,562.53125,33,2800,6.4,0.75,0.75,16.348892138447003,unknown,5,00
448.1111111111111,167,933,63390.61111111111,251.7749215293515,0.09461147406174981,0.013426667005522171,0.40051811344641103,0.019178817175201646,0.13848760657619022,1.8,15,551.4,34,1700,3.0,0.625,0.625,48.2878837613032,unknown,5,00
481.77777777777777,100,1534,221076.69444444444,470.18793523913865,0.060896701204338655,0.011700770493662896,0.1792427174874172,0.0027120506259128946,0.05207735233201564,1.8,8,350.0,33,1833,1.6,0.625,0.375,241.89287886205395,unknown,5,00
1588.3333333333333,1366,1766,41496.333333333336,203.70648819645714,0.029596634129929134,0.028295351755107973,0.031165795267189215,2.113680762536682e-06,0.0014538503232921474,0.6,1,4433.0,4433,4433,0.2,0.5,0.5,1145.303773501061,unknown,5,00
1444.6666666666667,133,4067,5157474.333333332,2271.007338899047,0.027212408901462398,0.01736745504754945,0.03274985356424139,7.30705226053592e-05,0.008548129772374726,0.6,17,527.4117647058823,33,4433,3.4,0.5,0.5,1682.2056676985512,unknown,5,00
336.27272727272725,100,933,53635.01818181819,231.5923534614608,0.078849072654806,0.00815282573296489,0.20230548967866108,0.0036348987528225115,0.0602901215193875,2.2,19,498.0,0,1000,3.8,0.6,0.7,30.120262343410563,unknown,5,00
546.25,100,1567,236212.7857142857,486.01726894657327,0.060694562103316356,0.020519269853250432,0.1792427174874172,0.0027935089138750317,0.05285365563397703,1.6,8,508.375,33,3100,1.6,0.8571428571428571,0.42857142857142855,230.2245188934198,unknown,5,00
1208.25,200,1933,580731.5833333334,762.0574672118457,0.025294593641673503,0.011112940931367207,0.030680704769383848,8.969155521545691e-05,0.00947056256066433,0.8,0,0,0,0,0,0.3333333333333333,0.3333333333333333,637.20720746984,unknown,5,00
1217.0,134,3367,2237192.6666666665,1495.7247964337112,0.02721610893841212,0.014891261662200866,0.03425282373095271,7.363629370203425e-05,0.008581159228334728,0.8,1,700.0,700,700,0.2,0.3333333333333333,0.6666666666666666,2367.970826599417,unknown,5,00
320.0,100,667,29721.11111111111,172.39811806139622,0.08304739064124933,0.02654119438319591,0.20230548967866108,0.003643836053419245,0.060364195127734825,2.0,36,958.3333333333334,700,1000,7.2,0.5555555555555556,0.7777777777777778,27.382056675827783,unknown,5,00
794.0,133,1966,523210.4,723.3328417817071,0.04233754770542234,0.006121763206838187,0.06547716303160771,0.000473538879470303,0.021760948496568414,1.2,0,0,0,0,0,0.6,0.2,327.95366163433437,unknown,5,00
966.8,200,1933,537755.7,733.3182801485314,0.032220457057355746,0.007713151951015289,0.06703205419489504,0.0004625725439671176,0.02150749971445118,1.0,0,0,0,0,0,0.75,0.75,346.4711281555195,unknown,5,00
1217.0,134,2500,1427992.6666666667,1194.9864713320678,0.026247753701020133,0.011257538172853203,0.03425282373095271,0.00010650590980286453,0.010320170047187426,0.8,1,2100.0,2100,2100,0.2,0.3333333333333333,0.6666666666666666,2098.4205398438653,unknown,5,00
604.7142857142857,100,2867,1003448.2380952379,1001.7226353114108,0.08441184613388898,0.0032345808036082324,0.20230548967866108,0.004612227407352368,0.06791338165157415,1.4,32,539.625,33,2067,6.4,0.8333333333333334,0.8333333333333334,19.16743967307945,unknown,5,00
647.5714285714286,100,1966,482130.28571428574,694.3560223072064,0.06448193121637415,0.028760143336350873,0.1343215882214051,0.0019923453419185507,0.04463569582653048,1.4,4,733.75,400,1134,0.8,0.3333333333333333,0.5,49.55288344777778,unknown,5,00
799.8333333333334,200,2200,564053.3666666666,751.0348638156997,0.046772456902594815,0.019463535193275944,0.08718080753331732,0.0006343859401363838,0.025187019278516937,1.2,1,4634.0,4634,4634,0.2,0.6,0.2,251.84769636486186,unknown,5,00
794.5,134,1700,390119.5,624.5954690837902,0.027216848668111356,0.010249212576324721,0.034853716059091364,7.474750486084312e-05,0.008645663934067939,1.2,1,3500.0,3500,3500,0.2,0.4,0.4,2290.607547002122,unknown,5,00
2200.0,100,4300,8820000.0,2969.8484809834995,0.10763926425448052,0.082214683459677,0.13306384504928404,0.0012928186171829836,0.035955786977661656,0.4,30,587.7666666666667,33,3500,6.0,1.0,1.0,8.404478914230612,unknown,5,00
436.6,200,1233,95126.4888888889,308.425823965648,0.0713745917660655,0.005729143963645841,0.20230548967866108,0.0038149949006356745,0.06176564498680213,2.0,6,617.0,34,1833,1.2,0.5555555555555556,0.6666666666666666,69.50425860272678,unknown,5,00
799.6666666666666,266,1333,160462.26666666666,400.5774165709628,0.046041561627177464,0.007543481464976917,0.08718080753331732,0.0007456441687047699,0.02730648583587368,1.2,0,0,0,0,0,0.6,0.2,251.84769636486186,unknown,5,00
325.0833333333333,100,1100,87459.17424242424,295.7349729782128,0.08395271957717161,0.015203786435845574,0.40331455162357466,0.01259567578060788,0.11223045834624341,2.4,21,971.4761904761905,367,1067,4.2,0.5454545454545454,0.6363636363636364,125.33039585901105,unknown,5,00
1522.6666666666667,134,4067,4868796.333333332,2206.534915502887,0.027251213227396025,0.01736745504754945,0.03286626654204227,7.371967035509438e-05,0.0085860159768716,0.6,10,616.7,33,4667,2.0,0.5,0.5,1682.2056676985512,unknown,5,00
315.09090909090907,100,700,30762.890909090907,175.3935315486033,0.07871724696912898,0.006702743190517646,0.20230548967866108,0.0036555929896435386,0.06046150006114254,2.2,26,507.9230769230769,0,1000,5.2,0.6,0.7,30.120262343410563,unknown,5,00
799.6666666666666,266,1966,383377.8666666667,619.1751502334914,0.04036380459319711,0.01375159094634416,0.06350254060490004,0.00031198155756710904,0.017662999676360442,1.2,0,0,0,0,0,0.4,0.2,251.84769636486186,unknown,5,00
491.625,100,2200,485323.125,696.6513654619504,0.1080468541995529,0.021771486561098164,0.40331455162357466,0.017648777147991814,0.132848700211902,1.6,21,1027.0,367,2233,4.2,0.5714285714285714,0.8571428571428571,81.63240108365993,unknown,5,00
459.44444444444446,100,2034,396216.5277777779,629.4573280038751,0.0570380131581576,0.02473421166736962,0.22417064756615318,0.00405643386111304,0.06369013943392682,1.8,10,906.7,334,3033,2.0,0.5,0.25,76.11213986863412,unknown,5,00
355.44444444444446,100,1000,74747.27777777778,273.3994838652366,0.08867730752180675,0.02890356813180905,0.20230548967866108,0.003732603511114514,0.06109503671424148,1.8,35,541.0,33,2100,7.0,0.625,0.75,24.643851008245004,unknown,5,00
794.1666666666666,100,1966,491554.9666666668,701.1098107049044,0.036817870510809016,0.011888558204165532,0.061695192998536284,0.00027720718541621815,0.01664954009623744,1.2,1,100.0,100,100,0.2,0.8,0.4,261.4467931308916,unknown,5,00
609.4285714285714,133,2200,547322.2857142857,739.8123314153974,0.06469872490566296,0.008936394899865226,0.1554767249369674,0.0028430331831260894,0.05332010111699048,1.4,15,1128.9333333333334,367,3600,3.0,0.3333333333333333,0.3333333333333333,338.7052371029562,unknown,5,00
360.8181818181818,100,1134,112644.76363636363,335.6259281348264,0.06213976539365291,0.020467219201850802,0.22417064756615318,0.004423900514696674,0.06651240872721927,2.2,12,613.9166666666666,0,2900,2.4,0.6,0.4,92.33724862154652,unknown,5,00
426.6,133,1133,110105.37777777777,331.8213039842044,0.10843997357318302,0.030110170765435942,0.2822474171389785,0.007359367899260445,0.0857867582978891,2.0,10,573.1,33,2200,2.0,0.4444444444444444,0.4444444444444444,49.596300767459745,unknown,5,00
657.1428571428571,200,1700,334616.47619047615,578.4604361496783,0.06027291287160567,0.006167422295774476,0.1343215882214051,0.0024004067905814383,0.04899394646873671,1.4,4,741.75,167,1300,0.8,0.3333333333333333,0.5,48.652981021908744,unknown,5,00
794.1666666666666,233,2100,495043.7666666667,703.5934669016383,0.0540716833904897,0.009173482152086734,0.08858620581211296,0.0010024949688905624,0.03166220094830052,1.2,1,4967.0,4967,4967,0.2,0.6,0.2,251.84769636486186,unknown,5,00
252.5,100,800,40428.42307692308,201.0682050373034,0.09186405053873778,0.027927889336299257,0.40331455162357466,0.012115078932473565,0.11006851926174697,2.8,24,968.125,334,1000,4.8,0.6153846153846154,0.46153846153846156,98.91618657772054,unknown,5,00
520.875,134,2034,389203.83928571426,623.8620354579322,0.123375764036626,0.03239868740452996,0.2822474171389785,0.008151800358531329,0.09028732113941208,1.6,12,747.5833333333334,0,2534,2.4,0.42857142857142855,0.5714285714285714,39.6770406139678,unknown,5,00
471.42857142857144,100,1100,140610.61904761902,374.98082490657976,0.07742999280138876,0.028903908266586686,0.1874222147185757,0.004602516951983494,0.06784185250996241,1.4,30,732.0666666666667,33,2734,6.0,0.5,0.3333333333333333,175.84303370591425,unknown,5,00
799.6666666666666,266,1600,221017.86666666664,470.1253733491383,0.04518473052712014,0.0058587509857641286,0.08718080753331732,0.0007792019608123858,0.02791418923795541,1.2,0,0,0,0,0,0.6,0.2,251.84769636486186,unknown,5,00
357.6363636363636,100,1400,135074.85454545455,367.52531143508276,0.08960386833157118,0.01673969687358339,0.40331455162357466,0.013396721105316497,0.11574420549347815,2.2,21,984.1428571428571,367,1333,4.2,0.5,0.6,114.88619620409345,unknown,5,00
495.875,100,2034,398177.5535714286,631.0131167982395,0.09703179016027648,0.011135671344095804,0.2822474171389785,0.010593426068338204,0.10292437062395964,1.6,15,635.8,234,2600,3.0,0.5714285714285714,0.42857142857142855,56.26002954139605,unknown,5,00
386.6,133,1133,121561.15555555557,348.6562139924593,0.0762768050673706,0.024080040305316505,0.23434899328079664,0.004431982415007743,0.06657313583576895,2.0,17,548.7058823529412,33,2900,3.4,0.5555555555555556,0.4444444444444444,161.0677142699789,unknown,5,00
248.45454545454547,100,533,18519.67272727273,136.0870042556332,0.06134288431718506,0.01535343566349804,0.1628197259615158,0.001779921475032109,0.04218911559907495,2.2,38,414.1842105263158,34,1600,7.6,0.6,0.6,279.48154171906975,unknown,5,00
576.1428571428571,100,2200,554313.8095238096,744.5225379555743,0.1273706084972483,0.01870783720889627,0.40331455162357466,0.01826957308769217,0.1351649846953425,1.4,21,1058.7619047619048,367,2900,4.2,0.5,0.6666666666666666,70.67232105542156,unknown,5,00
470.55555555555554,100,1834,314116.52777777775,560.4609957684636,0.05454194220297436,0.017434990771490237,0.22417064756615318,0.004144800056273504,0.06438012159256538,1.8,6,933.3333333333334,433,2200,1.2,0.625,0.25,76.11213986863412,unknown,5,00
390.90909090909093,133,1133,94487.09090909091,307.38752562374896,0.10354030004180377,0.023750771835792446,0.2822474171389785,0.007047820622360516,0.0839512991106184,2.2,10,766.7,233,1567,2.0,0.5,0.5,54.555930844205726,unknown,5,00
274.1111111111111,100,533,23804.361111111113,154.286620000281,0.07708194111964894,0.028903908266586686,0.1874222147185757,0.003374833621760103,0.05809331821956896,1.8,51,766.1176470588235,34,1167,10.2,0.625,0.5,226.0839004790326,unknown,5,00
344.5,100,1033,70351.0,265.2376293062506,0.05898952104139995,0.011792313316903634,0.10943535500033869,0.001099494767140111,0.033158630356818285,2.4,5,853.4,67,1600,1.0,0.6363636363636364,0.7272727272727273,892.8727614870703,unknown,5,00
275.1666666666667,100,800,43806.15151515151,209.29919138675982,0.09153655276855072,0.027927889336299257,0.40331455162357466,0.013585249628703406,0.116555779044642,2.4,26,861.3846153846154,0,1000,5.2,0.6363636363636364,0.45454545454545453,84.78530278090332,unknown,5,00
485.1111111111111,134,1900,295081.36111111107,543.2139183702044,0.11090961785753285,0.013376943883888388,0.2822474171389785,0.008518416909315384,0.09229527024347123,1.8,10,850.3,334,2534,2.0,0.5,0.5,44.63667069071377,unknown,5,00
404.125,100,867,77269.55357142857,277.9740160004682,0.07488963749254357,0.028903908266586686,0.1874222147185757,0.003982957337078469,0.06311067530203165,1.6,30,720.9333333333333,33,2400,6.0,0.42857142857142855,0.2857142857142857,200.96346709247342,unknown,5,00
256.53846153846155,100,667,25663.102564102566,160.1970741433893,0.05208351937099054,0.012422410055865184,0.10943535500033869,0.0007577369286427046,0.02752702179028281,2.6,26,960.2307692307693,0,1000,5.2,0.5833333333333334,0.75,967.2788249443261,unknown,5,00
437.22222222222223,100,2034,375308.1944444445,612.624023724539,0.09692474708610642,0.0038952154385713347,0.2822474171389785,0.009477274509058829,0.09735129433684397,1.8,15,933.3333333333334,300,1000,3.0,0.625,0.375,63.074898085892414,unknown,5,00
407.3333333333333,133,1133,124948.00000000001,353.47984383837223,0.0724046688865276,0.024408858957197188,0.23434899328079664,0.004789302713703314,0.06920478822815163,1.8,24,702.5833333333334,33,3767,4.8,0.5,0.5,144.960942842981,unknown,5,00
247.25,100,533,16853.477272727272,129.8209431206201,0.058852424754340986,0.005770930986108677,0.1628197259615158,0.0017372919010953233,0.04168083373800629,2.4,32,896.84375,0,1367,6.4,0.6363636363636364,0.6363636363636364,372.2706558065058,unknown,5,00
500.22222222222223,100,1200,109388.94444444445,330.73999522955256,0.07578804821936795,0.013021416894609233,0.18508337548276166,0.003395963642400875,0.058274897189106,1.8,4,1000.0,1000,1000,0.8,0.625,0.75,794.0897418110732,unknown,5,00
433.3,133,1133,109160.67777777778,330.39473025122203,0.08294623760648934,0.028903908266586686,0.23434899328079664,0.004004609794562616,0.06328198633547004,2.0,8,408.375,0,2167,1.6,0.4444444444444444,0.4444444444444444,49.596300767459745,unknown,5,00
266.625,100,533,22215.98214285714,149.05026716801666,0.07887052802647505,0.030154683753058516,0.1874222147185757,0.0038075978983429268,0.06170573634876199,1.6,53,678.5471698113207,33,1067,10.6,0.5714285714285714,0.42857142857142855,200.96346709247342,unknown,5,00
403.1818181818182,100,1200,90526.76363636364,300.8766585103664,0.0540925076868098,0.007655889114995842,0.10906614873212232,0.0009653351061341189,0.031069842389914355,2.2,3,789.0,367,1000,0.6,0.6,0.7,818.4666980298144,unknown,5,00
408.90909090909093,167,733,36635.09090909091,191.4029542851701,0.06655715469675554,0.010431791125281815,0.1712220187164093,0.0019392123789940489,0.044036489176523246,2.2,3,1344.6666666666667,34,2500,0.6,0.4,0.3,176.9045921498722,unknown,5,00
348.22222222222223,100,867,59203.44444444445,243.31757939870366,0.0731346484260639,0.028903908266586686,0.1874222147185757,0.0035034316964646208,0.059189793853878396,1.8,31,705.2258064516129,33,1634,6.2,0.625,0.5,226.0839004790326,unknown,5,00
272.3333333333333,100,667,24439.878787878788,156.33259029351106,0.06428308609047907,0.02797283341967639,0.10943535500033869,0.0008906480345235053,0.029843726887295852,2.4,25,642.92,200,1533,5.0,0.5454545454545454,0.6363636363636364,892.8727614870703,unknown,5,00
436.3,166,733,40123.78888888889,200.30923315935513,0.07779594056497058,0.028118041148278778,0.19347322571569436,0.003294900908308837,0.05740122741116985,2.0,3,1655.3333333333333,900,2466,0.6,0.4444444444444444,0.4444444444444444,143.63255428165803,unknown,5,00
396.8181818181818,133,1233,89424.56363636366,299.0394014780722,0.06077164894733562,0.017733071499871033,0.11374313371377653,0.0010455184467727334,0.03233447767898429,2.2,3,1044.0,566,1700,0.6,0.4,0.2,354.7910257635568,unknown,5,00
261.1666666666667,100,533,17340.878787878788,131.68477052369718,0.06623979554572627,0.005891325771071087,0.18985959051236656,0.002277081449776246,0.04771877460472184,2.4,29,500.3448275862069,34,1800,5.8,0.5454545454545454,0.6363636363636364,604.0196754375777,unknown,5,00
446.9,100,1200,102220.32222222221,319.71913020997386,0.0800933793345466,0.005797450996845085,0.18508337548276166,0.0031502086089670233,0.05612671920722806,2.0,5,1160.4,34,3467,1.0,0.5555555555555556,0.6666666666666666,882.3219353456368,unknown,5,00
399.8181818181818,166,733,36666.763636363634,191.4856747549634,0.06245216036593176,0.012732515020151568,0.11374313371377653,0.0011183759759129646,0.03344212875869245,2.2,4,1208.0,666,2166,0.8,0.4,0.3,354.7910257635568,unknown,5,00
378.72727272727275,100,667,42918.01818181818,207.16664350666633,0.06173176313626094,0.028981197173483544,0.19697103641787408,0.002394848994921442,0.048937194391602,2.2,9,707.2222222222222,33,3133,1.8,0.4,0.5,218.44745028136035,unknown,5,00
403.1818181818182,100,1200,110526.76363636363,332.45565664666265,0.06711894025400927,0.020357212307044986,0.18508337548276166,0.0023905765949426582,0.04889352303672398,2.2,4,1283.5,34,3000,0.8,0.6,0.7,970.5541288802006,unknown,5,00
374.8333333333333,133,733,33551.60606060606,183.1709749403711,0.06265554200952167,0.013770104523876106,0.11374313371377653,0.0009228892983200268,0.030379093112205092,2.4,3,1511.3333333333333,1134,1900,0.6,0.45454545454545453,0.36363636363636365,641.8796667225977,unknown,5,00
430.0,100,1233,107444.66666666667,327.7875328115251,0.05378003883262864,0.026867213241229527,0.19697103641787408,0.0026865922368944795,0.051832347399037214,2.0,6,900.0,33,4367,1.2,0.3333333333333333,0.3333333333333333,1060.405793331937,unknown,5,00
353.3,100,867,86722.67777777776,294.4871436544858,0.08724464372636581,0.013916488465242072,0.1631093458280201,0.0026249673943461176,0.05123443563020986,2.0,21,450.6190476190476,33,1600,4.2,0.5555555555555556,0.7777777777777778,107.321974643842,unknown,5,00
433.0,166,733,40498.88888888889,201.24335737829682,0.08311905166786647,0.028118041148278778,0.19347322571569436,0.0032416766008691953,0.05693572341570093,2.0,4,1491.5,200,3366,0.8,0.4444444444444444,0.4444444444444444,143.63255428165803,unknown,5,00
439.9,166,1233,98223.87777777779,313.4068885295564,0.0542223548962403,0.028981197173483544,0.11374313371377653,0.0009341957587668995,0.03056461612333614,2.0,2,1000.0,1000,1000,0.4,0.3333333333333333,0.1111111111111111,322.537296148688,unknown,5,00
305.4166666666667,100,867,52101.53787878787,228.257612970056,0.06932188394063318,0.01338674498667068,0.19697103641787408,0.002679064535372116,0.05175968059573123,2.4,17,538.8823529411765,33,1700,3.4,0.45454545454545453,0.7272727272727273,170.08252761413152,unknown,5,00
202.26666666666668,100,566,19067.638095238097,138.08561871258752,0.10389763334496428,0.029710956157404295,0.2219262237523351,0.005050777378595601,0.07106882142399437,3.0,22,590.8181818181819,33,1400,4.4,0.42857142857142855,0.5,172.82091129708536,unknown,5,00
426.5,133,733,56469.38888888889,237.63288679997322,0.04068642583946709,0.028389387213373245,0.08012354866845478,0.0003376987239865588,0.018376580856801376,2.0,4,1391.75,700,1766,0.8,0.6666666666666666,0.5555555555555556,145.2574930482233,unknown,5,00
330.27272727272725,100,867,66867.61818181816,258.5877378798503,0.03835371644257786,0.009611437184665292,0.08003943988256329,0.00039829690816357876,0.019957377286697237,2.2,12,452.8333333333333,33,1667,2.4,0.7,0.6,130.23022813628364,unknown,5,00
187.68421052631578,100,433,8173.339181286549,90.40652178513754,0.09039741613008448,0.028061606349551182,0.6742374553490869,0.022094138290914143,0.14864097110458524,3.8,23,947.9565217391304,734,1000,4.6,0.5,0.2777777777777778,387.5430100331785,unknown,5,00
277.8,133,434,11857.885714285714,108.89391954689533,0.029133417489750464,0.009380137144097299,0.033954786359682285,3.228017814968868e-05,0.005681564762430213,3.0,6,933.3333333333334,600,1000,1.2,0.7142857142857143,0.42857142857142855,202.9852757620467,unknown,5,00
312.6923076923077,100,667,29536.730769230766,171.86253451299606,0.0794060636739499,0.02801469708243364,0.18338862330528397,0.0031011803951145264,0.05568824288047277,2.6,11,633.5454545454545,34,1467,2.2,0.6666666666666666,0.75,139.51856703699454,unknown,5,00
422.1111111111111,100,867,67611.36111111111,260.02184737269886,0.04233176316945056,0.028190635694214247,0.08012354866845478,0.0003705478048746779,0.019249618304649,1.8,13,553.8461538461538,33,2100,2.6,0.75,0.75,125.48416653962441,unknown,5,00
184.05263157894737,100,433,5967.497076023392,77.2495765426801,0.0851905849339829,0.028061606349551182,0.6742374553490869,0.021997983461504767,0.14831717183625356,3.8,20,501.45,33,2067,4.0,0.5555555555555556,0.2222222222222222,375.5422763762706,unknown,5,00
268.93333333333334,133,467,13247.066666666668,115.09590204115291,0.03576057042304968,0.029289846776349795,0.06953587404925568,0.00015845741882333843,0.012587987083856514,3.0,7,1023.8571428571429,367,2300,1.4,0.5714285714285714,0.2857142857142857,365.2205300413413,unknown,5,00
299.92857142857144,100,566,14150.532967032968,118.9560127401426,0.04792426100294273,0.008435596227133134,0.1748528149109385,0.0016619561323536558,0.04076709619722327,2.8,10,696.7,100,1700,2.0,0.6153846153846154,0.6923076923076923,142.56509259146043,unknown,5,00
237.1764705882353,100,566,21202.529411764706,145.61088356220048,0.0652185096216019,0.01003597835457604,0.27480357448582887,0.00401664667685831,0.0633770201008087,3.4,13,615.4615384615385,200,1600,2.6,0.5,0.5,185.04486957112366,unknown,5,00
206.53333333333333,100,800,28617.838095238094,169.1680764660936,0.0933404346475203,0.026141030341782105,0.6742374553490869,0.026984507127542245,0.16426961717719515,3.0,24,986.1666666666666,867,1000,4.8,0.5,0.2857142857142857,177.5866747312959,unknown,5,00
246.94117647058823,100,467,15014.55882352941,122.53390887231751,0.04874978321989089,0.010971080115498962,0.1614047921896158,0.0018884196774831673,0.04345595100194181,3.4,10,593.3,33,1167,2.0,0.6875,0.375,372.04548612356126,unknown,5,00
300.14285714285717,134,566,14998.439560439563,122.46811650564224,0.039640420636442616,0.02801469708243364,0.07935178344933566,0.00029655854702281484,0.017220875326847206,2.8,11,863.8181818181819,367,1167,2.2,0.6153846153846154,0.5384615384615384,183.6784234572335,unknown,5,00
287.92857142857144,100,667,28000.532967032974,167.33359784285096,0.07258729937656432,0.014323674433612118,0.18338862330528397,0.0032931584716369773,0.05738604770880268,2.8,9,666.7777777777778,33,1767,1.8,0.46153846153846156,0.46153846153846156,137.17275847506724,unknown,5,00
257.8,100,634,35515.88571428572,188.4565884077437,0.04444568981997986,0.028004405533912965,0.11567287162646156,0.0005259494893442679,0.02293358867129756,3.0,16,910.5,267,1866,3.2,0.6428571428571429,0.5714285714285714,163.27488491569733,unknown,5,00
216.66666666666666,100,467,14811.882352941178,121.7040769774833,0.05114108863222048,0.028061606349551182,0.1614047921896158,0.001663671471749057,0.040788129054285596,3.6,19,486.10526315789474,0,1200,3.8,0.5294117647058824,0.23529411764705882,393.93051471906483,unknown,5,00
264.46666666666664,100,434,10391.838095238096,101.94036538701485,0.03590904841212826,0.02860189623976059,0.0992136676497357,0.00032424619064208603,0.018006837330361097,3.0,9,863.2222222222222,100,2000,1.8,0.5714285714285714,0.42857142857142855,196.79831084703588,unknown,5,00
277.6666666666667,100,667,31045.095238095233,176.19618394873152,0.07462306180942484,0.01734411438488392,0.18338862330528397,0.0029242916028331956,0.05407671960125906,3.0,9,733.4444444444445,33,2033,1.8,0.5,0.6428571428571429,146.97081265185776,unknown,5,00
282.2,100,600,28519.457142857143,168.87704741277645,0.03889063456276588,0.019177263388235045,0.07373806603009204,0.0002463001394527773,0.01569395232096674,3.0,11,866.6363636363636,267,1866,2.2,0.7142857142857143,0.5,163.27488491569733,unknown,5,00
283.14285714285717,100,733,35817.208791208795,189.2543494644411,0.04570539587300127,0.017024345538317567,0.22244841416227232,0.0026563993382111217,0.051540269093313065,2.8,16,733.4375,33,1367,3.2,0.6153846153846154,0.6153846153846154,154.71894534955635,unknown,5,00
282.2,133,467,14446.457142857142,120.19341555533373,0.03264810838568826,0.02860189623976059,0.06415743111917586,7.798298778543503e-05,0.008830797686813748,3.0,5,1199.8,467,1900,1.0,0.7857142857142857,0.42857142857142855,202.92555225350284,unknown,5,00
290.35714285714283,100,667,27079.478021978015,164.55843345747437,0.06828225368397085,0.019425393285550797,0.18338862330528397,0.00279587279624832,0.05287601342998846,2.8,12,694.3333333333334,33,1733,2.4,0.5384615384615384,0.6923076923076923,138.05289846867532,unknown,5,00
256.125,100,600,28677.183333333334,169.34338880905074,0.04943003786240864,0.028228467408582085,0.17693166980994715,0.0014115115263507074,0.037570088186624044,3.2,10,690.1,200,1667,2.0,0.4666666666666667,0.4666666666666667,174.15987724341048,unknown,5,00
300.0,100,733,46514.61538461538,215.67247247763305,0.03960741352901876,0.01294514908689744,0.11567287162646156,0.0005811319669552766,0.02410667888688271,2.8,14,690.4285714285714,33,1367,2.8,0.7692307692307693,0.6153846153846154,168.6597183577144,unknown,5,00
285.0,100,633,33623.8,183.36793612843005,0.16245166025834912,0.028035098947849727,0.993877774537033,0.08070783578761725,0.2840912455314617,2.2,32,429.15625,33,2334,6.4,0.7,0.3,44.10402408640076,unknown,5,00
275.53333333333336,100,566,16866.69523809524,129.87184159045117,0.04992904302836744,0.02801469708243364,0.1748528149109385,0.0014528527933929051,0.03811630613520813,3.0,11,797.1818181818181,67,1167,2.2,0.7142857142857143,0.7142857142857143,157.8544796295719,unknown,5,00
273.2,100,634,32913.17142857143,181.41987605709423,0.06308067356770254,0.028228467408582085,0.18742453234994458,0.0022972197051041366,0.0479293198898559,3.0,13,728.3846153846154,200,1967,2.6,0.5714285714285714,0.5,172.97353067703554,unknown,5,00
302.35714285714283,100,733,50171.93956043956,223.99093633546775,0.043612068554834967,0.013555140657004828,0.11567287162646156,0.0006225027420762102,0.024950004851226185,2.8,11,984.9090909090909,267,1800,2.2,0.6923076923076923,0.5384615384615384,168.6597183577144,unknown,5,00
279.53846153846155,100,633,30981.769230769238,176.01638909706458,0.12958691699465016,0.028035098947849727,0.993877774537033,0.07031925524625648,0.2651777804535223,2.6,16,508.5,0,1133,3.2,0.6666666666666666,0.5,69.79442455979813,unknown,5,00
209.42857142857142,100,533,27311.28571428571,165.2612650147811,0.09663629996667303,0.02942823277107623,0.20568892288461996,0.004314849221966205,0.06568751191791485,1.4,38,931.4736842105264,600,1000,7.6,0.3333333333333333,0.3333333333333333,11.343008570387239,unknown,5,00
285.5,100,667,28365.19230769231,168.4196909737466,0.07696524030137827,0.028326975193676093,0.18338862330528397,0.0030009528043454387,0.05478095293389335,2.8,8,720.875,33,2000,1.6,0.46153846153846156,0.46153846153846156,137.17275847506724,unknown,5,00
268.93333333333334,100,634,35326.35238095238,187.9530589826949,0.04284034093287738,0.028004405533912965,0.11567287162646156,0.0005385818136781435,0.02320736550490261,3.0,15,804.5333333333333,34,2100,3.0,0.7142857142857143,0.6428571428571429,163.27488491569733,unknown,5,00
357.45454545454544,100,733,45757.87272727273,213.9108990380638,0.1375312422613045,0.02893516342432753,0.993877774537033,0.08391872623552667,0.28968729042801766,2.2,18,529.8333333333334,0,1334,3.6,0.7,0.5,59.05682078136765,unknown,5,00
206.1818181818182,100,567,21338.163636363635,146.07588314421938,0.0686290458105414,0.028035098947849727,0.20568892288461996,0.003296415758640222,0.05741442117308353,2.2,26,425.4230769230769,33,1934,5.2,0.6,0.3,45.55912871246135,unknown,5,00
107.33333333333333,100,133,211.75,14.551632210855248,0.04582372228259495,0.03166252904833049,0.06423027808076523,0.0001762930261691543,0.013277538407745402,1.8,20,813.45,167,1000,4.0,0.25,0.5,14.876700911068998,unknown,5,00
264.5,100,600,29196.666666666668,170.87032119905044,0.03925909062754575,0.022788909701285515,0.07373806603009204,0.00021797958130957787,0.014764131579933101,3.2,11,709.2727272727273,67,2300,2.2,0.6666666666666666,0.5333333333333333,174.15987724341048,unknown,5,00
302.38461538461536,100,733,40623.58974358974,201.55294526151124,0.04844073918576885,0.028527844447721627,0.22244841416227232,0.002785126664809853,0.05277429928298293,2.6,17,666.8235294117648,34,1601,3.4,0.6666666666666666,0.5833333333333334,156.61259561787767,unknown,5,00
236.54545454545453,100,567,27931.07272727273,167.1259187776472,0.15819255863118095,0.028035098947849727,1.1266401201853857,0.10594992195145411,0.3254994960847929,2.2,32,1000.0,1000,1000,6.4,0.7,0.3,44.10402408640076,unknown,5,00
133.3,100,334,5214.9,72.21426451886082,0.061219301975987114,0.02942823277107623,0.13828114589584922,0.001499528806695576,0.03872374990487848,2.0,19,871.8421052631579,100,1134,3.8,0.3333333333333333,0.2222222222222222,16.204297957696056,unknown,5,00
249.78571428571428,100,567,35677.87362637362,188.88587460785314,0.033831998474510204,0.022394249470441375,0.0549268374383404,5.961681898358451e-05,0.007721192847195601,2.8,3,678.0,267,900,0.6,0.6923076923076923,0.46153846153846156,40.798493651772304,unknown,5,00
311.85714285714283,100,666,30341.054945054944,174.18683918440837,0.045291645278021535,0.028125342519153808,0.1242081631005088,0.0009584612165147998,0.030959024799156704,2.8,0,0,0,0,0,0.5384615384615384,0.3076923076923077,173.54000597738715,unknown,5,00
415.0,133,767,55208.2,234.96425260026257,0.05633186474738072,0.007805440357031238,0.11113311162735913,0.0012360427522120152,0.03515739967932804,2.2,0,0,0,0,0,0.5,0.4,219.013161299265,unknown,5,00
195.0,100,533,15208.947368421053,123.32456109154029,0.06686061227453358,0.006236995053676121,0.1958232049271567,0.0027955168086539308,0.05287264707439879,4.0,0,0,0,0,0,0.42105263157894735,0.5263157894736842,265.3497831022912,unknown,5,00
203.73684210526315,100,500,17513.871345029238,132.33998392409316,0.0604732962736338,0.027960180062136318,0.16082550172782767,0.0019186207597725379,0.04380206341911917,3.8,0,0,0,0,0,0.3888888888888889,0.5,526.7038155303162,unknown,5,00
1016.25,200,3166,2059114.9166666667,1434.9616429252271,0.07659380071153471,0.04111052213012486,0.1559727082211872,0.002909555005749733,0.05394029111665725,0.8,10,623.6,34,4466,2.0,0.6666666666666666,0.3333333333333333,253.64075302794433,unknown,5,00
348.61538461538464,100,800,58943.42307692307,242.78266634363143,0.04885215594187005,0.01533247430600095,0.12096493505744374,0.0012017853303794522,0.03466677559825044,2.6,0,0,0,0,0,0.6666666666666666,0.3333333333333333,262.33365672548496,unknown,5,00
231.2941176470588,100,533,18947.095588235294,137.6484492765367,0.06334751828418583,0.012594331631263297,0.1958232049271567,0.0022025421329708254,0.04693124900288533,3.4,0,0,0,0,0,0.4375,0.4375,225.54731563694756,unknown,5,00
195.15,100,500,16635.08157894737,128.97705834351848,0.055160690986069495,0.027960180062136318,0.16082550172782767,0.0014419838110240433,0.037973461930986004,4.0,0,0,0,0,0,0.42105263157894735,0.5263157894736842,455.42117149554593,unknown,5,00
562.5,100,2966,952244.0,975.8299032105954,0.0862389451996593,0.02232687276886657,0.1559727082211872,0.0021713386420439598,0.046597624854105596,1.6,0,0,0,0,0,0.5714285714285714,0.5714285714285714,579.4477138976913,unknown,5,00
282.0769230769231,133,967,49589.243589743586,222.68642434989965,0.04852462281741705,0.028365847850483173,0.15763102626630646,0.0012903045700858927,0.03592080970810503,2.6,11,1120.909090909091,566,4900,2.2,0.6666666666666666,0.5,318.34401245259915,unknown,5,00
252.0,100,700,30970.666666666668,175.98484783260935,0.06709886765411556,0.030173491646698254,0.1958232049271567,0.002083581975249239,0.045646270113222163,3.2,0,0,0,0,0,0.3333333333333333,0.5333333333333333,214.98066972420148,unknown,5,00
198.45,100,467,14552.050000000001,120.63187804224886,0.059768749420091125,0.01834458243562347,0.194460336955477,0.002037478597325993,0.04513843813565101,4.0,0,0,0,0,0,0.47368421052631576,0.5263157894736842,327.76740361168606,unknown,5,00
330.84615384615387,100,1666,175969.47435897437,419.487156369506,0.07451725613020974,0.01764829807833768,0.16082550172782767,0.002612110092290707,0.0511088064064375,2.6,0,0,0,0,0,0.5,0.5,497.25256292672856,unknown,5,00
351.45454545454544,133,1433,141327.87272727268,375.93599551954674,0.038324172029424966,0.020682543236612668,0.07671300683747412,0.00028419190075697816,0.01685799219233946,2.2,10,363.6,34,1866,2.0,0.7,0.5,371.5201451614319,unknown,5,00
282.26666666666665,100,667,20780.638095238097,144.15491006288374,0.05664131560694346,0.027989562410476645,0.15984539111393484,0.0020374758400691943,0.04513840759341422,3.0,1,1200.0,1200,1200,0.2,0.5714285714285714,0.5714285714285714,166.65555611108644,unknown,5,00
201.89473684210526,100,533,17456.877192982458,132.1244761313454,0.06284832002519918,0.027960180062136318,0.194460336955477,0.0020046707877939933,0.044773550091476925,3.8,0,0,0,0,0,0.4444444444444444,0.3888888888888889,282.67185411770976,unknown,5,00
252.125,100,533,22907.983333333334,151.35383488148997,0.06886809982772615,0.01193815581459723,0.16082550172782767,0.002306735061870192,0.04802848177769303,3.2,0,0,0,0,0,0.4666666666666667,0.6,612.0031543713582,unknown,5,00
566.5714285714286,166,2600,806744.6190476189,898.1896342352316,0.041352598936544395,0.028989318588290344,0.07671300683747412,0.0002809548455019543,0.01676170771436951,1.4,10,477.0,34,3000,2.0,0.6666666666666666,0.3333333333333333,317.086193141259,unknown,5,00
309.7142857142857,100,967,58375.45054945054,241.61012095823003,0.046969821032598315,0.027989562410476645,0.15763102626630646,0.0012198319190595383,0.03492609223860491,2.8,1,2334.0,2334,2334,0.2,0.7692307692307693,0.6923076923076923,191.4195016131851,unknown,5,00
233.33333333333334,100,434,12192.352941176472,110.41898813689824,0.036359534217766,0.007725287250644143,0.08645231613334603,0.00026884475934716757,0.016396486189033537,3.6,2,1800.0,33,3567,0.4,0.5882352941176471,0.5294117647058824,158.1558749438863,unknown,5,00
195.15,100,500,14404.660526315793,120.01941728868621,0.059864435800315786,0.00564379352063223,0.16622113925614412,0.0022486874614590937,0.04742032751319938,4.0,0,0,0,0,0,0.42105263157894735,0.47368421052631576,554.4250689792801,unknown,5,00
813.0,166,3166,1734289.0,1316.9240676667732,0.07009888824708926,0.031783663210394095,0.16830828340010057,0.003159057344480391,0.05620549212025806,1.0,10,597.0,34,4200,2.0,0.5,0.25,317.0509412849304,unknown,5,00
333.53846153846155,133,967,56116.76923076923,236.88978287543182,0.050664472465283335,0.028365847850483173,0.15763102626630646,0.0013342949533952147,0.03652800231870359,2.6,1,3534.0,3534,3534,0.2,0.6666666666666666,0.5,318.34401245259915,unknown,5,00
226.0,100,434,13301.411764705883,115.33174656054543,0.04439288418551123,0.027989562410476645,0.15984539111393484,0.0010525781821794835,0.03244346131625729,3.6,2,2400.0,33,4767,0.4,0.5882352941176471,0.5294117647058824,149.30111104810607,unknown,5,00
300.0,100,634,29722.428571428572,172.40193900135975,0.04842694448785343,0.017429392829627924,0.14932272821563142,0.0010802401912518643,0.03286700764067006,3.0,0,0,0,0,0,0.7857142857142857,0.5,117.80630624681237,unknown,5,00
628.5714285714286,100,3166,1262747.9523809524,1123.7205846565917,0.08803348724033673,0.029963603690709103,0.1559727082211872,0.002112159863284736,0.04595824042851005,1.4,0,0,0,0,0,0.5,0.5,974.1227221236031,unknown,5,00
311.1666666666667,133,967,51805.60606060606,227.60844900971065,0.047937145282095577,0.017018438232709786,0.15763102626630646,0.001466067477176662,0.03828926059845844,2.4,11,754.9090909090909,200,4534,2.2,0.6363636363636364,0.5454545454545454,293.8560114947069,unknown,5,00
228.10526315789474,100,434,10790.988304093567,103.87968186365208,0.044061367177093566,0.009095926442258772,0.15984539111393484,0.0010985700009581096,0.033144682845942415,3.8,0,0,0,0,0,0.7222222222222222,0.6666666666666666,211.09703774070948,unknown,5,00
279.125,133,634,20033.183333333334,141.53862841405993,0.04782362460275221,0.0191649554567491,0.14467484472238834,0.0009399770922177822,0.03065904584649989,3.2,2,783.5,767,800,0.4,0.6,0.4,170.01772867304015,unknown,5,00
237.0,100,500,16621.176470588234,128.92314171857677,0.05573696535613908,0.011893777685811544,0.14932272821563142,0.0014033737141377735,0.0374616298916341,3.6,0,0,0,0,0,0.47058823529411764,0.5294117647058824,96.21883992425687,unknown,5,00
354.54545454545456,133,1033,105387.47272727273,324.6343677543595,0.041703436955834144,0.02628453636392271,0.07671300683747412,0.0002964601022121673,0.017218016790913154,2.2,10,320.3,34,1433,2.0,0.7,0.5,358.7735294280727,unknown,5,00
273.0,100,667,19744.0,140.51334456200237,0.05315066937687363,0.02329362967062608,0.15984539111393484,0.002006530617055737,0.04479431456173581,3.2,1,734.0,734,734,0.2,0.6666666666666666,0.6,177.7659265184922,unknown,5,00
256.8235294117647,100,500,14311.154411764706,119.62923727820346,0.03999209055893481,0.019268363058786386,0.08524137682106153,0.0002595822745474984,0.01611155717326846,3.4,2,1000.0,33,1967,0.4,0.625,0.5,180.64383671510515,unknown,5,00
266.6875,100,533,22530.495833333334,150.10161835680964,0.05250796005627267,0.027965353160430122,0.14932272821563142,0.001249303927768866,0.035345493740629313,3.2,0,0,0,0,0,0.5333333333333333,0.5333333333333333,194.34262567738892,unknown,5,00
328.15384615384613,200,566,15859.97435897436,125.93639012999523,0.0464371260634377,0.026927175773257546,0.10496583625313216,0.0007074157642906995,0.026597288664273647,2.6,0,0,0,0,0,0.5833333333333334,0.5833333333333334,109.85667928610061,unknown,5,00
314.35714285714283,100,967,56925.17032967032,238.5899627596901,0.056254671585213044,0.009137601458414862,0.15984539111393484,0.0022726526225938046,0.04767234651864542,2.8,1,1800.0,1800,1800,0.2,0.6153846153846154,0.6153846153846154,191.4195016131851,unknown,5,00
256.88235294117646,100,434,16110.985294117647,126.92905614601271,0.034313499684658126,0.014895676995425981,0.05409755685881636,9.976828064823703e-05,0.009988407312892132,3.4,2,1533.0,33,3033,0.4,0.6875,0.5625,180.64383671510515,unknown,5,00
291.1333333333333,100,634,27719.12380952381,166.49061177593111,0.05810176721520214,0.009531469357842577,0.14932272821563142,0.0013660848470608065,0.0369605850475991,3.0,0,0,0,0,0,0.5,0.5714285714285714,239.98080115193858,unknown,5,00
277.125,166,434,10044.916666666666,100.22433170975333,0.04547358906325547,0.009463258425295823,0.10496583625313216,0.0007743914103723063,0.027827889075032378,3.2,0,0,0,0,0,0.6,0.5333333333333333,135.20822065981613,unknown,5,00
249.11764705882354,133,467,11646.610294117647,107.91946207296276,0.04210989962008535,0.008185323271741136,0.12246442514078697,0.0007603045249683925,0.02757362009182676,3.4,0,0,0,0,0,0.6875,0.4375,300.4987085405136,unknown,5,00
237.0,100,434,12567.64705882353,112.10551752176843,0.043886166132844996,0.028166383070160637,0.14089249423052638,0.0008018940300178653,0.02831773349012709,3.6,2,2083.0,33,4133,0.4,0.5294117647058824,0.4117647058823529,149.30111104810607,unknown,5,00
351.3076923076923,134,634,25316.897435897434,159.11284497455708,0.054582212109325914,0.017930099279264824,0.14932272821563142,0.0012179900372032925,0.0348997139988753,2.6,0,0,0,0,0,0.6666666666666666,0.5833333333333334,208.29984379242202,unknown,5,00
243.11764705882354,100,434,12381.735294117647,111.2732460842122,0.04356257929528351,0.027965353160430122,0.10496583625313216,0.0005404948398894191,0.023248544898324692,3.4,0,0,0,0,0,0.5,0.5,109.8338110806918,unknown,5,00
304.85714285714283,134,566,19029.516483516483,137.94751350972763,0.045980058452997775,0.02831729462150298,0.12246442514078697,0.0008672159283146017,0.02944853015541865,2.8,0,0,0,0,0,0.6153846153846154,0.5384615384615384,264.3973212917779,unknown,5,00
511.22222222222223,233,1167,99525.19444444445,315.47613926324834,0.03908025931229798,0.0232076976382927,0.07588158257026097,0.00038863449297679345,0.019713814774842374,1.8,0,0,0,0,0,0.625,0.375,372.0131744249573,unknown,5,00
